DISENO,Gramaje,PLANTA,GAP LO(mm),GAP LT(mm),Temp Horno 1,Temp Horno 2,Temp Horno 3,Temp Horno 4,Temp Horno 5,Temp Horno 6,Vel Vent Horno 1,Vel Vent Horno 2,Vel Vent Horno 3,Vel Vent Horno 4,Vel Vent Horno 5,Vel Vent Horno 6,Vel Linea,PESO IMPREGNADO LO1,PESO IMPREGNADO LC,PESO IMPREGNADO LT1,VOLATILES LO2,VOLATILES LC2,VOLATILES LT2,FLUIDEZ,ESTADO B LO3,ESTADO B LC3,ESTADO B LT3
13,60,3,0.09,0.087,126,126,126,217,220,142,1100,1100,1100,1300,1200,1100,33,154.6,155.3,155.6,5.7,4.9,5.6,4.1,36.0,59.1,42.5
13,60,3,0.09,0.087,126,126,126,217,220,142,1100,1100,1100,1300,1200,1100,33,154.6,155.3,155.6,5.7,4.9,5.6,4.1,36.0,59.1,42.5
13,60,0,0.09,0.087,130,130,130,214,220,137,1100,1100,1100,1300,1200,1100,33,153.7,154.2,151.8,6.2,5.8,6.1,5.0,22.6,38.8,30.4
13,60,0,0.09,0.087,130,130,130,214,220,137,1100,1100,1100,1300,1200,1100,33,156.6,153.7,154.0,5.7,5.2,5.8,5.0,24.7,44.1,29.4
13,60,0,0.09,0.087,130,130,130,214,220,137,1100,1100,1100,1300,1200,1100,33,148.9,148.9,147.6,5.6,5.0,5.7,4.1,20.9,37.0,21.5
13,60,0,0.09,0.087,130,130,130,214,220,137,1100,1100,1100,1300,1200,1100,33,149.6,150.8,148.2,6.1,5.3,5.4,5.1,21.2,40.9,28.7
15,65,0,0.104,0.107,138,138,138,219,223,138,1250,1250,1250,1300,1200,1100,33,168.1,167.5,168.7,6.3,5.6,5.9,5.1,20.6,33.3,21.2
15,65,0,0.104,0.107,138,138,138,219,223,138,1250,1250,1250,1300,1200,1100,33,168.1,167.5,168.7,6.3,5.6,5.9,5.1,20.6,33.3,21.2
15,65,0,0.104,0.107,138,138,138,219,223,138,1250,1250,1250,1300,1200,1100,33,171.8,169.1,169.1,6.7,5.5,5.9,3.7,24.2,50.5,35.1
15,65,0,0.104,0.107,138,138,138,219,223,138,1250,1250,1250,1300,1200,1100,33,171.8,169.1,169.1,6.7,5.5,5.9,3.7,24.2,50.5,35.1
15,65,0,0.101,0.107,138,138,138,219,224,140,1250,1250,1250,1300,1200,1100,33,171.5,166.0,168.5,6.9,5.5,6.1,5.0,20.4,60.9,41.1
15,65,0,0.101,0.107,138,138,138,219,224,140,1250,1250,1250,1300,1200,1100,33,171.1,166.8,168.4,6.5,5.3,5.8,3.9,24.6,43.8,38.9
15,65,0,0.101,0.107,138,138,138,219,224,140,1250,1250,1250,1300,1200,1100,33,168.2,164.0,165.6,6.5,4.9,5.9,3.7,29.0,22.2,37.4
15,65,0,0.101,0.107,138,138,138,219,224,140,1250,1250,1250,1300,1200,1100,33,163.5,164.3,175.3,6.3,5.5,5.8,5.0,20.0,45.6,36.7
4,65,0,0.101,0.107,138,138,138,219,224,140,1250,1250,1250,1300,1200,1100,33,166.9,164.5,167.8,6.7,4.9,6.0,3.4,24.5,60.7,31.0
4,65,0,0.101,0.107,138,138,138,219,224,140,1250,1250,1250,1300,1200,1100,33,164.6,162.5,164.2,5.7,4.7,5.4,2.8,22.7,56.4,30.9
4,65,0,0.101,0.107,138,138,138,219,224,140,1250,1250,1250,1300,1200,1100,33,165.8,163.7,162.4,5.5,5.0,5.7,2.5,28.8,62.7,28.1
4,65,0,0.101,0.107,138,138,138,219,224,140,1250,1250,1250,1300,1200,1100,33,162.7,160.1,162.1,5.8,4.8,5.6,4.7,18.2,49.7,25.4
4,65,0,0.101,0.107,135,135,135,215,220,136,1250,1250,1250,1300,1200,1100,33,164.2,163.3,164.5,6.0,5.1,5.8,4.6,21.3,33.6,21.9
4,65,0,0.101,0.107,135,135,135,215,220,136,1250,1250,1250,1300,1200,1100,33,163.0,160.1,163.8,5.7,5.1,5.4,3.2,24.8,54.3,31.1
4,65,0,0.101,0.107,135,135,135,213,217,136,1250,1250,1250,1300,1200,1100,33,164.0,163.6,168.1,6.0,5.3,6.2,4.8,17.3,38.5,18.2
4,65,0,0.101,0.107,135,135,135,213,217,136,1250,1250,1250,1300,1200,1100,33,164.0,163.6,168.1,6.0,5.3,6.2,4.8,17.3,38.5,18.2
4,65,0,0.101,0.107,135,135,135,216,220,136,1250,1250,1250,1300,1200,1100,33,164.8,163.0,164.7,6.7,5.5,6.0,5.0,13.7,34.6,17.0
4,65,0,0.101,0.107,135,135,135,216,220,136,1250,1250,1250,1300,1200,1100,33,164.8,163.0,164.7,6.7,5.5,6.0,5.0,13.7,34.6,17.0
4,65,0,0.101,0.107,134,134,134,217,221,136,1250,1250,1250,1300,1200,1100,33,163.5,163.9,166.6,6.6,5.6,7.0,4.6,22.6,45.6,26.64
4,65,0,0.101,0.107,134,134,134,217,221,136,1250,1250,1250,1300,1200,1100,33,163.5,163.9,166.6,6.6,5.6,7.0,4.6,22.6,45.6,26.64
5,65,0,0.101,0.107,134,134,134,217,221,136,1250,1250,1250,1300,1200,1100,33,166.9,163.8,168.3,6.1,5.1,5.8,2.6,26.2,52.3,36.7
5,65,0,0.101,0.107,134,134,134,217,221,136,1250,1250,1250,1300,1200,1100,33,166.9,163.8,168.3,6.1,5.1,5.8,2.6,26.2,52.3,36.7
5,65,0,0.101,0.107,134,134,134,217,221,136,1250,1250,1250,1300,1200,1100,33,167.5,164.3,167.7,6.3,5.2,6.1,2.5,25.6,47.9,30.45
5,65,0,0.101,0.107,134,134,134,217,221,136,1250,1250,1250,1300,1200,1100,33,167.5,164.3,167.7,6.3,5.2,6.1,2.5,25.6,47.9,30.45
5,65,0,0.101,0.107,134,134,134,217,221,136,1250,1250,1250,1300,1200,1100,33,165.8,163.3,166.6,6.4,5.2,6.2,2.5,25.4,46.6,27.78
5,65,0,0.101,0.107,134,134,134,217,221,136,1250,1250,1250,1300,1200,1100,33,165.8,163.3,166.6,6.4,5.2,6.2,2.5,25.4,46.6,27.78
9,68,1,0.105,0.11,136,136,136,219,222,137,1300,1300,1300,1350,1200,1100,33,168.7,166.8,173.3,6.6,5.2,6.3,3.3,23.6,53.3,28.9
9,68,1,0.105,0.11,136,136,136,219,222,137,1300,1300,1300,1350,1200,1100,33,169.7,168.8,172.6,6.5,5.3,6.6,3.5,26.5,49.0,30.4
9,68,1,0.105,0.11,136,136,136,219,222,137,1300,1300,1300,1350,1200,1100,33,170.5,169.0,173.5,6.6,5.4,6.3,4.0,27.6,55.5,26.6
9,68,1,0.105,0.11,136,136,136,219,222,137,1300,1300,1300,1350,1200,1100,33,168.9,168.8,174.2,6.5,5.5,6.7,4.4,28.4,53.6,27.7
9,68,1,0.104,0.109,136,136,136,219,222,137,1300,1300,1300,1350,1200,1100,33,168.2,171.0,172.3,6.1,5.4,6.4,4.1,20.0,43.6,23.6
9,68,1,0.104,0.109,136,136,136,219,222,137,1300,1300,1300,1350,1200,1100,33,170.9,170.4,170.0,6.3,5.1,6.0,3.0,23.9,57.4,26.0
3,70,1,0.118,0.123,140,140,140,219,222,139,1300,1300,1300,1350,1250,1100,33,178.9,177.7,178.2,7.0,5.8,6.8,6.3,19.7,40.2,14.5
3,70,1,0.118,0.123,143,143,143,220,223,140,1300,1300,1300,1350,1250,1100,33,176.1,178.3,180.1,6.3,5.2,5.7,3.4,33.6,69.6,36.0
3,70,1,0.118,0.123,142,142,142,218,222,138,1300,1300,1300,1350,1250,1100,33,176.7,177.4,179.7,6.3,5.1,6.1,3.1,30.2,66.3,37.3
3,70,1,0.118,0.123,142,142,142,218,222,138,1300,1300,1300,1350,1250,1100,33,175.6,177.2,177.9,5.7,5.0,5.7,2.9,40.0,65.0,42.0
3,70,1,0.118,0.123,142,142,142,218,222,138,1300,1300,1300,1350,1200,1100,33,178.3,176.6,176.1,6.6,5.0,5.9,3.1,30.2,75.5,45.8
3,70,1,0.118,0.123,142,142,142,218,222,138,1300,1300,1300,1350,1200,1100,33,175.2,177.7,180.0,6.5,5.4,6.2,4.9,19.1,53.0,24.2
11,70,1,0.118,0.123,142,142,142,218,222,138,1300,1300,1300,1350,1200,1100,33,180.4,178.8,177.3,7.0,5.6,6.1,3.9,22.4,58.5,30.2
11,70,1,0.118,0.123,142,142,142,218,222,138,1300,1300,1300,1350,1200,1100,33,178.5,176.2,176.6,6.6,5.3,5.8,4.5,18.5,43.2,23.9
11,70,1,0.118,0.123,142,142,142,218,222,138,1300,1300,1300,1350,1200,1100,33,179.1,175.7,175.3,6.1,5.1,5.5,3.2,25.5,58.7,32.2
11,70,1,0.118,0.123,142,142,142,218,222,138,1300,1300,1300,1350,1200,1100,33,179.1,175.7,175.3,6.1,5.1,5.5,3.2,25.5,58.7,32.2
10,70,1,0.118,0.123,142,142,142,217,222,138,1300,1300,1300,1350,1200,1100,33,180.0,174.4,178.0,6.7,5.4,6.0,4.4,18.6,40.4,25.3
10,70,1,0.118,0.123,142,142,142,217,222,138,1300,1300,1300,1350,1200,1100,33,177.5,177.4,180.3,6.4,5.4,6.2,5.3,26.4,47.7,26.9
10,70,1,0.118,0.123,142,142,142,217,222,138,1300,1300,1300,1350,1200,1100,33,180.4,173.8,178.6,6.4,5.1,6.3,4.6,20.2,45.5,23.7
10,70,1,0.118,0.123,142,142,142,217,222,138,1300,1300,1300,1350,1200,1100,33,180.4,173.8,178.6,6.4,5.1,6.3,4.6,20.2,45.5,23.7
10,70,0,0.118,0.123,142,142,142,217,222,138,1300,1300,1300,1350,1200,1100,33,173.9,173.4,177.0,6.5,5.8,6.4,4.5,21.0,44.8,25.3
10,70,0,0.118,0.123,142,142,142,217,222,138,1300,1300,1300,1350,1200,1100,33,173.9,173.4,177.0,6.5,5.8,6.4,4.5,21.0,44.8,25.3
0,65,1,0.105,0.11,136,136,136,217,220,138,1250,1250,1250,1300,1200,1100,33,167.5,163.9,167.0,7.2,5.9,7.1,4.4,30.7,55.6,32.66
0,65,1,0.105,0.11,136,136,136,217,220,138,1250,1250,1250,1300,1200,1100,33,166.6,164.5,166.8,6.9,5.5,6.8,4.2,26.7,53.3,29.59
0,65,1,0.105,0.11,136,136,136,217,220,138,1250,1250,1250,1300,1200,1100,33,170.3,166.0,173.4,7.0,5.8,7.4,4.6,27.0,52.4,30.88
0,65,1,0.105,0.11,136,136,136,217,220,138,1250,1250,1250,1300,1200,1100,33,168.9,163.4,169.9,6.7,5.6,6.9,4.3,25.5,46.6,27.7
0,65,1,0.105,0.11,136,136,136,217,220,138,1250,1250,1250,1300,1200,1100,33,168.7,164.3,166.7,6.8,5.6,6.7,5.2,23.7,47.6,26.58
0,65,1,0.105,0.11,136,136,136,217,220,138,1250,1250,1250,1300,1200,1100,33,167.7,165.6,167.8,6.6,5.6,6.8,4.5,22.5,45.2,27.11
0,65,1,0.105,0.11,136,136,136,217,220,138,1250,1250,1250,1300,1200,1100,33,169.2,165.5,168.0,7.1,5.7,6.6,4.7,19.6,54.5,31.22
0,65,1,0.105,0.11,136,136,136,217,220,138,1250,1250,1250,1300,1200,1100,33,169.2,165.5,168.0,7.1,5.7,6.6,4.7,19.6,54.5,31.22
12,90,1,0.15,0.15,151,151,151,218,223,150,700,700,700,850,850,850,26,223.5,222.1,219.3,7.1,6.3,6.2,2.6,20.0,45.6,36.7
12,90,1,0.15,0.15,151,151,151,218,223,150,700,700,700,850,850,850,26,221.4,221.1,221.4,6.5,5.4,5.4,2.1,30.7,68.0,48.7
12,90,1,0.15,0.15,149,149,149,220,226,146,700,700,700,900,900,900,26,217.2,217.6,214.1,5.7,4.5,5.0,1.8,40.8,71.1,45.1
12,90,1,0.15,0.15,149,149,149,220,226,146,700,700,700,900,900,900,26,216.6,217.7,216.2,6.0,5.0,5.6,1.7,29.8,67.5,38.5
12,90,1,0.146,0.15,149,149,149,220,226,146,700,700,700,900,900,900,26,218.8,217.1,216.7,6.6,5.1,6.9,1.5,28.9,62.9,43.8
12,90,1,0.146,0.15,149,149,149,220,226,146,700,700,700,900,900,900,26,215.9,216.7,215.1,6.0,5.0,5.7,1.7,35.3,65.5,35.3
12,90,1,0.146,0.15,149,149,149,220,226,146,700,700,700,900,900,900,26,219.5,211.6,213.8,6.5,4.7,5.7,1.4,32.0,64.3,34.4
12,90,1,0.146,0.15,149,149,149,220,226,146,700,700,700,900,900,900,26,219.8,211.2,213.9,6.3,4.4,5.2,1.6,29.6,71.0,38.1
12,90,1,0.146,0.15,149,149,149,220,226,146,700,700,700,900,900,900,26,212.8,208.6,214.8,5.7,4.4,5.4,1.1,57.1,79.5,55.6
12,90,1,0.146,0.15,149,149,149,220,226,146,700,700,700,900,900,900,26,218.6,213.8,219.0,6.6,5.6,6.5,2.1,20.4,38.7,20.2
8,65,0,0.1,0.106,133,133,133,206,214,137,1200,1200,1200,1300,1200,1100,33,164.9,165.8,165.7,6.3,6.1,6.6,5.0,20.2,28.5,24.4
8,65,0,0.1,0.106,133,133,133,206,214,137,1200,1200,1200,1300,1200,1100,33,164.9,165.8,165.7,6.3,6.1,6.6,5.0,20.2,28.5,24.4
8,65,0,0.106,0.112,135,135,135,207,215,137,1250,1250,1250,1300,1200,1100,33,160.6,160.6,159.5,6.0,5.6,5.8,4.3,19.7,50.2,28.2
8,65,0,0.106,0.112,135,135,135,207,215,137,1250,1250,1250,1300,1200,1100,33,164.6,164.2,162.0,6.4,5.6,5.9,4.5,21.3,35.5,29.8
8,65,0,0.11,0.115,140,140,140,207,215,137,1250,1250,1250,1300,1200,1100,33,165.0,166.7,167.6,6.5,6.2,6.6,5.0,16.8,27.4,17.5
8,65,0,0.11,0.115,140,140,140,207,215,137,1250,1250,1250,1300,1200,1100,33,162.5,164.5,165.9,5.9,5.0,5.9,4.8,37.1,51.0,24.1
8,65,0,0.11,0.115,140,140,140,207,215,137,1250,1250,1250,1300,1200,1100,33,166.1,167.5,166.3,6.6,5.7,6.4,5.0,20.0,27.9,18.6
8,65,0,0.11,0.115,140,140,140,207,215,137,1250,1250,1250,1300,1200,1100,33,164.9,166.6,165.5,6.1,5.8,6.5,5.0,18.0,34.7,23.3
2,68,2,0.117,0.115,142,142,142,216,220,140,1300,1300,1300,1350,1250,1150,33,177.6,170.1,174.3,7.5,5.9,6.7,2.7,11.6,30.7,20.3
2,68,2,0.113,0.107,142,142,142,216,220,144,1300,1300,1300,1350,1250,1150,33,168.3,162.7,170.3,5.6,4.4,5.4,1.6,35.4,75.0,35.4
2,68,2,0.113,0.107,142,142,142,216,220,144,1300,1300,1300,1350,1250,1150,33,172.2,163.8,166.0,6.4,4.8,5.5,1.9,17.9,61.6,30.4
2,68,2,0.113,0.107,142,142,142,216,220,144,1300,1300,1300,1350,1250,1150,33,169.2,166.3,169.0,6.3,5.0,5.9,2.8,25.9,60.1,41.1
2,68,2,0.113,0.108,140,140,140,216,220,142,1200,1200,1200,1300,1200,1100,33,172.5,164.7,168.3,6.7,5.0,5.7,2.5,20.0,56.7,30.7
2,68,2,0.113,0.108,140,140,140,216,220,142,1200,1200,1200,1300,1200,1100,33,172.5,164.7,168.3,6.7,5.0,5.7,2.5,20.0,56.7,30.7
2,68,2,0.113,0.108,140,140,140,216,220,142,1200,1200,1200,1300,1200,1100,33,171.3,164.3,168.8,7.2,5.4,6.5,3.4,32.1,75.5,50.9
2,68,2,0.113,0.101,136,136,136,216,220,139,1200,1200,1200,1300,1200,1100,33,177.2,167.1,169.4,8.6,6.3,7.1,5.7,13.2,40.3,23.3
2,68,2,0.113,0.101,136,136,136,216,220,139,1200,1200,1200,1300,1200,1100,33,166.2,164.6,169.7,7.2,6.0,7.0,5.0,24.7,49.7,35.4
2,68,2,0.113,0.101,136,136,136,216,220,139,1200,1200,1200,1300,1200,1100,33,166.2,164.6,169.7,7.2,6.0,7.0,5.0,24.7,49.7,35.4
2,68,2,0.113,0.101,133,133,133,216,220,139,1200,1200,1200,1300,1200,1100,33,169.4,166.8,172.4,6.9,6.0,7.4,3.8,39.4,54.2,27.0
2,68,2,0.113,0.101,133,133,133,216,220,139,1200,1200,1200,1300,1200,1100,33,168.2,164.3,169.4,7.3,5.7,6.8,3.6,36.0,74.0,38.1
2,68,2,0.113,0.101,133,133,133,216,220,139,1200,1200,1200,1300,1200,1100,33,168.5,166.2,170.2,7.5,6.3,7.6,5.2,25.1,49.6,28.0
2,68,2,0.113,0.101,133,133,133,216,220,139,1200,1200,1200,1300,1200,1100,33,170.1,167.5,172.7,7.5,6.1,7.5,5.9,25.4,48.7,22.9
2,68,2,0.113,0.101,133,133,133,216,220,139,1200,1200,1200,1300,1200,1100,33,171.2,166.1,169.2,7.8,6.1,7.6,5.4,20.0,48.2,19.0
2,68,2,0.113,0.101,133,133,133,216,220,139,1200,1200,1200,1300,1200,1100,33,169.7,168.2,172.4,7.3,5.7,7.4,3.6,27.5,52.6,30.56
2,68,2,0.105,0.115,133,133,133,216,220,139,1200,1200,1200,1300,1200,1100,33,169.9,169.0,173.6,7.4,6.0,7.5,3.6,27.0,53.5,32.78
2,68,2,0.105,0.115,133,133,133,216,220,139,1200,1200,1200,1300,1200,1100,33,170.6,169.0,172.6,7.3,6.3,7.4,3.8,26.7,48.8,29.78
2,68,2,0.105,0.115,133,133,133,216,220,139,1200,1200,1200,1300,1200,1100,33,172.3,168.1,175.3,7.3,6.0,7.3,4.3,30.6,47.9,31.51
2,68,2,0.105,0.115,133,133,133,216,220,139,1200,1200,1200,1300,1200,1100,33,171.2,170.4,174.3,7.4,6.5,7.3,4.4,29.6,46.7,28.6
2,68,2,0.105,0.115,133,133,133,216,220,139,1200,1200,1200,1300,1200,1100,33,173.2,168.8,174.4,7.6,6.2,7.6,4.5,28.8,49.6,29.89
2,68,2,0.105,0.115,133,133,133,216,220,139,1200,1200,1200,1300,1200,1100,33,172.3,168.5,175.3,7.7,6.2,8.0,4.0,26.8,47.9,26.98
1,65,0,0.105,0.115,136,136,136,216,220,139,1200,1200,1200,1300,1200,1100,33,159.0,158.9,163.3,6.9,6.4,6.9,3.3,23.6,44.6,25.25
1,65,0,0.105,0.115,136,136,136,216,220,139,1200,1200,1200,1300,1200,1100,33,159.0,158.9,163.3,6.9,6.4,6.9,3.3,23.6,44.6,25.25
1,65,0,0.105,0.115,136,136,136,216,220,139,1200,1200,1200,1300,1200,1100,33,161.0,157.8,163.0,6.6,5.3,6.6,2.6,25.5,45.6,27.5
1,65,0,0.105,0.115,136,136,136,216,220,139,1200,1200,1200,1300,1200,1100,33,161.0,157.8,163.0,6.6,5.3,6.6,2.6,25.5,45.6,27.5
1,65,0,0.105,0.115,136,136,136,216,220,139,1200,1200,1200,1300,1200,1100,33,163.5,160.3,163.8,6.6,5.8,6.5,2.7,26.3,45.6,28.67
1,65,0,0.105,0.115,136,136,136,216,220,139,1200,1200,1200,1300,1200,1100,33,163.5,160.3,163.8,6.6,5.8,6.5,2.7,26.3,45.6,28.67
1,65,0,0.105,0.114,136,136,136,214,219,137,1200,1200,1200,1300,1200,1100,33,162.4,160.5,166.3,7.2,6.2,6.6,2.8,24.5,42.3,24.69
1,65,0,0.105,0.114,136,136,136,214,219,137,1200,1200,1200,1300,1200,1100,33,163.8,163.5,166.3,6.7,6.2,6.6,5.2,17.0,27.9,19.3
1,65,0,0.108,0.114,141,141,141,214,219,137,1250,1250,1250,1300,1200,1100,33,167.4,165.8,164.2,6.3,5.5,6.1,5.3,21.4,34.2,22.3
1,65,0,0.108,0.114,141,141,141,214,219,137,1250,1250,1250,1300,1200,1100,33,167.4,165.8,164.2,6.3,5.5,6.1,5.3,21.4,34.2,22.3
1,65,0,0.108,0.114,141,141,141,214,219,137,1250,1250,1250,1300,1200,1100,33,165.1,161.9,165.3,6.2,5.5,5.9,3.8,22.9,40.0,24.0
1,65,0,0.108,0.114,141,141,141,214,219,137,1250,1250,1250,1300,1200,1100,33,165.1,161.9,165.3,6.2,5.5,5.9,3.8,22.9,40.0,24.0
1,65,0,0.108,0.114,141,141,141,214,219,137,1250,1250,1250,1300,1200,1100,33,165.3,163.5,165.5,6.2,5.6,6.2,4.0,20.0,37.2,22.9
1,65,0,0.108,0.114,141,141,141,214,219,137,1250,1250,1250,1300,1200,1100,33,165.3,163.5,165.5,6.2,5.6,6.2,4.0,20.0,37.2,22.9
1,65,0,0.107,0.111,141,141,141,215,220,137,1250,1250,1250,1300,1200,1100,33,168.2,167.2,171.0,6.5,5.9,5.8,5.1,15.9,22.3,15.1
1,65,0,0.107,0.111,141,141,141,215,220,137,1250,1250,1250,1300,1200,1100,33,166.6,164.9,169.8,6.3,5.4,6.3,4.9,19.4,35.1,22.3
1,65,0,0.107,0.111,141,141,141,215,220,137,1250,1250,1250,1300,1200,1100,33,166.3,162.7,165.6,6.2,5.5,5.8,4.5,16.3,32.6,22.4
1,65,0,0.107,0.111,141,141,141,215,220,137,1250,1250,1250,1300,1200,1100,33,166.3,162.7,165.6,6.2,5.5,5.8,4.5,16.3,32.6,22.4
1,65,0,0.107,0.111,143,143,143,217,222,137,1250,1250,1250,1300,1200,1100,33,166.6,165.2,168.6,6.4,5.6,6.2,5.0,16.6,27.9,22.7
1,65,0,0.107,0.111,143,143,143,217,222,137,1250,1250,1250,1300,1200,1100,33,166.6,165.2,168.6,6.4,5.6,6.2,5.0,16.6,27.9,22.7
14,72,1,0.115,0.119,135,135,135,186,196,138,1150,1150,1150,1300,1200,1100,26,183.6,183.5,186.0,7.3,5.7,6.6,4.7,39.2,55.3,43.12
14,72,1,0.115,0.119,135,135,135,186,196,138,1150,1150,1150,1300,1200,1100,26,182.3,181.6,183.4,6.7,5.6,6.8,3.7,30.3,48.8,36.54
14,72,1,0.115,0.119,135,135,135,187,197,138,1150,1150,1150,1300,1200,1100,26,183.8,179.9,182.3,6.5,5.7,6.7,4.0,31.5,48.0,33.58
14,72,1,0.115,0.119,135,135,135,187,197,138,1150,1150,1150,1300,1200,1100,26,184.5,180.6,185.4,6.3,5.5,6.5,4.4,28.8,48.0,34.01
14,72,1,0.115,0.119,135,135,135,187,197,138,1150,1150,1150,1300,1200,1100,26,183.2,178.8,183.4,6.4,5.5,6.4,3.8,26.6,47.6,30.36
14,72,1,0.115,0.119,135,135,135,187,197,138,1150,1150,1150,1300,1200,1100,26,181.3,179.9,183.2,6.5,5.6,6.8,4.2,29.9,51.5,29.97
14,72,1,0.115,0.119,135,135,135,187,197,138,1150,1150,1150,1300,1200,1100,26,178.9,175.6,180.2,6.6,5.4,6.7,3.6,30.6,49.5,28.75
14,72,1,0.115,0.119,135,135,135,187,197,138,1150,1150,1150,1300,1200,1100,26,181.3,174.2,178.9,6.5,5.5,6.4,3.6,31.2,50.2,29.74
12,90,4,0.115,0.119,134,134,134,187,197,138,1150,1150,1150,1300,1200,1100,26,224.5,222.2,225.8,6.7,6.0,7.3,3.8,26.5,36.6,25.26
12,90,4,0.115,0.119,134,134,134,187,197,138,1150,1150,1150,1300,1200,1100,26,224.5,222.2,225.8,6.7,6.0,7.3,3.8,26.5,36.6,25.26
12,90,0,0.145,0.15,147,147,147,185,195,136,1150,1150,1150,1300,1200,1100,26,216.9,211.5,212.3,6.7,5.2,5.5,1.9,14.3,41.8,24.5
12,90,0,0.139,0.15,147,147,147,188,195,137,1150,1150,1150,1300,1200,1100,26,219.6,216.3,219.2,5.8,4.9,5.3,1.5,37.9,62.2,43.2
12,90,0,0.139,0.15,147,147,147,190,195,137,1050,1050,1050,1300,1200,1100,26,217.9,215.8,218.6,5.8,4.8,5.6,1.7,27.9,56.1,36.7
12,90,0,0.139,0.15,147,147,147,190,195,137,1050,1050,1050,1300,1200,1100,26,217.9,215.8,218.6,5.8,4.8,5.6,1.7,27.9,56.1,36.7
12,90,3,0.139,0.15,147,147,147,190,195,137,1050,1050,1050,1300,1200,1100,26,211.4,210.4,214.9,7.0,6.7,7.3,5.0,33.5,49.2,39.15
12,90,3,0.139,0.15,147,147,147,190,195,137,1050,1050,1050,1300,1200,1100,26,211.4,210.4,214.9,7.0,6.7,7.3,5.0,33.5,49.2,39.15
12,90,3,0.165,0.107,143,143,143,192,200,137,1100,1100,1100,1250,1150,1050,26,216.4,213.2,211.5,6.6,5.5,5.8,1.3,50.1,73.8,66.4
12,90,3,0.165,0.107,143,143,143,192,200,137,1100,1100,1100,1250,1150,1050,26,216.4,213.2,211.5,6.6,5.5,5.8,1.3,50.1,73.8,66.4
12,90,1,0.165,0.16,137,137,137,187,196,137,1050,1050,1050,1200,1100,1000,26,217.0,213.6,211.9,7.4,6.5,7.0,5.0,24.9,49.2,36.0
12,90,1,0.165,0.16,137,137,137,187,196,137,1050,1050,1050,1200,1100,1000,26,218.1,216.7,218.7,7.9,6.6,6.8,5.8,20.2,35.6,30.7
12,90,1,0.165,0.16,137,137,137,188,198,137,1050,1050,1050,1200,1100,1000,26,217.6,215.2,216.3,7.7,6.7,7.0,6.0,21.4,31.7,25.5
12,90,1,0.165,0.16,137,137,137,188,198,137,1050,1050,1050,1200,1100,1000,26,218.3,214.8,224.8,7.8,6.5,7.2,8.0,17.8,30.0,25.0
12,90,1,0.165,0.16,137,137,137,188,198,137,1050,1050,1050,1200,1100,1000,26,219.9,213.3,212.6,7.7,6.3,6.5,4.5,20.3,40.5,28.0
12,90,1,0.165,0.16,137,137,137,188,198,137,1050,1050,1050,1200,1100,1000,26,219.9,213.3,212.6,7.7,6.3,6.5,4.5,20.3,40.5,28.0
12,90,1,0.165,0.16,137,137,137,188,198,137,1050,1050,1050,1200,1100,1000,26,218.6,215.1,215.2,6.3,6.5,6.4,4.7,19.8,39.7,28.7
12,90,1,0.165,0.16,137,137,137,188,198,137,1050,1050,1050,1200,1100,1000,26,218.6,215.1,215.2,6.3,6.5,6.4,4.7,19.8,39.7,28.7
12,90,4,0.135,0.145,144,144,144,188,198,137,1050,1050,1050,1200,1100,1000,26,220.0,214.4,219.0,7.0,6.3,6.8,6.1,17.4,34.0,18.9
12,90,4,0.135,0.145,144,144,144,188,198,137,1050,1050,1050,1200,1100,1000,26,217.8,215.9,219.4,6.8,6.3,6.7,5.9,28.9,42.6,27.6
12,90,4,0.135,0.145,144,144,144,188,198,137,1050,1050,1050,1200,1100,1000,26,219.3,213.8,217.7,7.1,6.5,6.8,5.0,17.6,30.7,16.1
12,90,4,0.135,0.145,144,144,144,188,198,137,1050,1050,1050,1200,1100,1000,26,219.3,213.8,217.7,7.1,6.5,6.8,5.0,17.6,30.7,16.1
12,90,4,0.135,0.145,144,144,144,188,198,137,1050,1050,1050,1200,1100,1000,26,214.7,211.8,214.4,7.0,6.3,6.9,4.3,22.8,45.7,21.5
12,90,4,0.135,0.145,144,144,144,188,198,137,1050,1050,1050,1200,1100,1000,26,214.7,211.8,214.4,7.0,6.3,6.9,4.3,22.8,45.7,21.5
12,90,3,0.135,0.145,144,144,144,188,198,137,1050,1050,1050,1200,1100,1000,26,210.8,206.7,211.0,6.2,5.8,6.6,3.2,31.1,57.7,33.6
12,90,3,0.135,0.145,144,144,144,188,198,137,1050,1050,1050,1200,1100,1000,26,210.5,200.3,205.8,6.8,5.5,6.3,2.9,24.7,53.0,37.1
12,90,3,0.145,0.153,144,144,144,190,198,139,1050,1050,1050,1200,1100,1000,26,204.9,202.8,209.0,5.8,5.1,5.8,2.0,44.7,68.7,53.5
12,90,3,0.145,0.153,144,144,144,190,198,139,1050,1050,1050,1200,1100,1000,26,204.9,202.8,209.0,5.8,5.1,5.8,2.0,44.7,68.7,53.5
6,75,1,0.125,0.105,120,120,120,185,195,137,1100,1100,1100,1300,1200,1100,26,177.5,176.7,182.6,6.7,5.8,7.6,4.6,66.6,76.3,56.5
6,75,1,0.125,0.105,120,120,120,185,195,137,1100,1100,1100,1300,1200,1100,26,177.2,175.3,180.1,6.8,5.5,7.4,5.0,52.7,70.5,47.3
6,75,1,0.125,0.105,120,120,120,185,193,137,1100,1100,1100,1250,1150,1050,26,179.0,174.9,172.7,6.3,5.6,6.4,4.3,52.7,71.2,43.5
6,75,1,0.125,0.105,120,120,120,185,193,137,1100,1100,1100,1250,1150,1050,26,173.5,172.3,174.8,6.0,4.9,5.6,2.8,61.5,80.7,58.9
6,75,1,0.125,0.105,120,120,120,185,193,137,1100,1100,1100,1250,1150,1050,26,181.3,178.1,179.7,7.1,5.9,7.3,5.0,34.6,59.3,41.1
6,75,1,0.135,0.111,120,120,120,188,195,135,850,850,850,1200,1100,1000,26,175.1,171.1,175.3,6.3,5.7,6.4,4.2,40.4,56.1,36.5
6,75,1,0.135,0.111,120,120,120,188,195,135,850,850,850,1200,1100,1000,26,174.6,173.3,175.7,6.7,5.4,6.6,4.5,48.2,61.3,45.7
6,75,1,0.135,0.111,120,120,120,188,195,135,850,850,850,1200,1100,1000,26,172.6,170.5,173.9,6.3,5.2,6.1,4.0,48.0,63.2,47.2
7,72,1,0.124,0.105,121,121,121,185,191,138,900,900,900,1150,1050,950,26,174.7,174.9,175.7,6.7,6.1,6.9,5.3,29.6,45.2,28.9
7,72,1,0.124,0.105,121,121,121,185,191,138,900,900,900,1150,1050,950,26,174.7,174.9,175.7,6.7,6.1,6.9,5.3,29.6,45.2,28.9
7,72,1,0.124,0.105,121,121,121,185,191,138,900,900,900,1150,1050,950,26,179.7,173.2,180.0,7.1,5.9,6.6,4.8,31.6,46.7,25.81
7,72,1,0.124,0.105,121,121,121,185,191,138,900,900,900,1150,1050,950,26,178.3,171.2,175.5,6.8,5.7,6.7,4.3,32.6,47.9,27.58
7,72,1,0.124,0.105,121,121,121,185,191,138,900,900,900,1150,1050,950,26,176.6,172.4,178.2,7.0,6.0,7.3,4.6,27.2,44.0,24.88
7,72,1,0.124,0.105,121,121,121,185,191,138,900,900,900,1150,1050,950,26,176.6,172.4,178.2,7.0,6.0,7.3,4.6,27.2,44.0,24.88
